CGPA,DSA_Score,Aptitude_Score,Communication,Attendance,Internship_Count,Project_Count,Hackathons,Certifications,Backlogs,Placed
7.185430534813131,76.57909074507188,43.430712730312,3.406041665812917,73.20227138498632,1,1,3,2,1,1
9.778214378844623,32.20312343314091,52.63600934808645,0.7171188884765101,70.1879483530924,0,5,0,3,3,1
8.793972738151323,66.10306881334506,45.86594815588916,4.096288948952321,51.63178407621356,3,5,1,0,10,0
8.193963178886666,68.53720371062848,54.849741408235616,3.1121749506339356,91.52900627008928,0,0,2,0,0,0
6.202083881990964,53.93045370419088,34.85966899222654,6.7712063973500936,80.61644697981023,2,3,1,2,2,1
6.201975341512912,78.91553884997782,66.33418536357892,6.057792494526904,90.27450249110822,2,0,1,2,9,0
5.761376254756898,94.74936118152118,34.73287945145504,3.6459372819754,91.52585676096834,3,2,3,1,6,1
9.397792655987208,94.04548103254211,86.02495554756531,2.178925542549901,84.90135121994439,0,5,3,2,9,1
8.20501755284444,56.06714971233057,46.35984573373031,9.880359661555918,66.35263607498304,3,4,3,1,2,1
8.686326600082204,29.05904366726042,67.80083402231574,4.540016211961149,76.63280530092547,0,2,0,3,3,1
5.592630224331111,98.78729591698676,91.60553612930208,6.88274235780237,49.62192436718459,1,0,1,2,1,1
9.864594334728974,87.11184691567473,75.56141583330358,1.4055296757836078,80.41872504849445,2,1,1,0,2,1
9.245991883601897,29.97301449626135,67.30704505859347,4.855896996593978,50.75519534435685,3,5,0,0,8,0
6.455525998052242,93.66735060938979,52.70336271807629,0.27536719869465487,81.63697543060941,1,4,0,2,2,1
6.318212352431953,89.59170896497027,53.31013391407386,5.054551179104499,53.775889645238124,1,2,0,1,10,0
6.325320294340452,61.50704457008577,76.86408686387331,9.640174071177023,47.0530780090132,3,5,1,0,4,1
6.8690900933179195,67.30203485959434,99.58975528548173,3.8420671298580023,49.91706940857745,3,3,1,1,1,1
7.861403942345071,51.920216309610424,76.3287432894565,0.38996012574911587,40.11952811314421,1,1,3,2,3,0
7.443752583889521,24.380931105762507,69.04483921590175,0.3095579091934353,83.12437707121182,0,2,3,2,6,0
6.810531130891189,46.815779331672076,81.14553571674722,3.879867599468695,83.94406294350274,1,3,1,0,6,0
8.253338026250708,84.22827588784091,62.56439285986027,1.6002493646319405,70.89600099479557,3,0,3,2,2,1
6.127722372934189,20.37056184036823,34.209963982054965,0.23352096328185912,49.68176806332302,1,3,0,3,4,0
6.814650918408482,46.679933735291534,69.36077711145369,7.562136139501768,45.01326025064139,0,2,2,3,0,1
7.148628294821613,51.85349548727547,97.03376991537661,4.585230088818907,41.14773798623722,2,2,3,0,9,0
7.552314928976662,62.99164823503383,42.271205965036174,2.8924477197265452,49.944890617913245,2,0,1,3,9,0
9.033291826268561,93.58844931302085,78.3003423574466,9.000831830164808,93.45133209898881,1,3,3,1,9,1
6.3985320197126185,47.707679549276904,44.06535820613395,1.161389602005256,54.4922105021009,0,3,3,0,10,0
7.814054972861252,47.75625615169822,67.50793791311568,9.559188289553193,61.25627963303294,2,0,3,0,0,0
8.16586555987919,79.00009984877987,36.767351475270374,3.139667173773528,46.32072906887999,1,3,2,1,4,0
5.70902685723999,56.17743527118457,61.52596553807296,8.884036723086812,53.34167828489022,1,5,0,3,9,0
8.233951833556473,37.96838583519856,82.93143302266722,6.029428764794615,71.15347424681231,0,0,1,3,8,0
6.267358556592812,56.195161290615474,54.330006696728745,8.267073597414875,76.46516098573915,3,1,2,3,0,1
5.792732168433758,31.26856163038399,76.54382071410527,9.840131632104644,54.72113884997266,1,2,1,0,0,0
9.769984917639999,34.110958920497865,85.68149725528104,2.8840543781874572,43.46392955350703,3,1,1,0,3,0
9.845344148835517,59.869421819158376,94.90244736356169,9.61135485407593,63.46197214764392,3,5,1,3,3,1
9.137788066524076,53.514035960363834,46.42494572988175,3.8948189490242036,54.05220225558005,2,5,2,2,1,1
6.870761961280168,93.187672085448,57.95211410665157,3.8551190473692234,53.17323539378812,3,4,0,3,8,1
5.9395245130287275,48.99151192933065,40.66912093312922,3.403871042545057,97.59176816280731,0,4,1,1,8,0
8.579048619304706,66.44706802224349,99.47384515108627,5.414076073475852,76.97802915554345,2,4,0,0,1,1
7.480686221828206,70.58114303356243,94.89006775470067,1.541450431784871,73.41270659032575,2,0,0,1,8,0
6.049172056801504,21.04755652706669,67.79699911963917,5.537114853580112,64.94650621139931,2,3,3,1,5,0
7.728296095500716,73.08298976133685,88.94233060634949,5.41704812410004,65.73666000580866,1,5,2,0,7,0
5.654748345018483,34.24287734958011,66.46705840904295,7.6190181260487,72.45430023028484,1,1,2,2,9,0
9.59194180935452,96.88562539755641,73.65099816019318,8.336499619375855,81.78578842216643,3,1,3,3,3,1
6.664509917200077,31.893018220249036,36.238710248121166,4.404413503124241,82.12876577090977,2,1,3,1,1,0
8.481350279592919,53.1699298981619,82.86892943477656,3.0233324935149373,50.30163446232697,2,1,0,0,1,0
6.902699842402349,26.82797344629151,38.939943854466435,2.5933489731709445,70.00676512459762,0,4,1,1,8,0
7.840306095300148,99.74994014767579,87.824734117677,1.9462383670487193,64.71748570204612,3,1,2,3,0,1
7.960196257044759,60.175600826499405,84.741966136927,0.5764758219902488,92.23161797616305,0,3,1,2,6,0
6.331845049864872,67.6308013856035,79.61212884200836,3.424479788347133,77.88513527310258,3,4,1,2,10,0
9.863130824940512,25.3661181910742,32.53122663673335,2.7024769213078326,71.95024398495892,3,1,3,2,2,1
8.988097705125016,79.99683763193423,51.218984916173,9.664173858664073,46.923678530735046,1,0,1,0,2,1
9.727745237038851,36.792447447646865,48.417879893759,5.577088262500439,76.3382733594047,1,2,0,0,1,0
9.52672307692442,91.84434315525709,55.20954852300633,3.4727703903050755,47.03223434081401,0,2,3,2,9,0
8.190549904649883,36.41117123856057,36.1349922734687,5.80467600993696,60.232394533945126,3,2,1,3,5,1
9.648434057604025,35.255017653093326,95.5870476121744,1.391967013456955,48.57051788885991,2,4,3,3,9,0
5.898216259233638,22.923973427847592,68.76615684986635,4.4404374920220295,81.52441882146213,1,1,0,0,1,0
6.381922880886154,57.765355608799936,51.38670174606165,6.262343214210638,52.37512683016916,2,5,0,2,9,0
5.703522800097422,65.18729066100931,57.788706195199836,4.888978317924514,63.51156239128156,0,5,1,3,3,0
6.963986488434689,25.25669115426819,61.30417783533849,4.017788006543243,93.74048665712672,1,5,3,3,9,0
7.249047803602669,82.04220933560084,72.04160333524321,9.938483888996982,52.25898300393822,1,4,1,3,8,1
6.721070642982531,56.26310677984221,66.09755993875484,8.80314762148927,70.46830383752675,3,3,1,0,8,0
9.229318791183683,61.951221546206405,94.35743812500921,6.234059581594401,65.15629966996133,0,0,3,2,5,0
7.105389970121152,55.26101975505825,64.78744380340811,5.693773611822827,41.08744246274378,3,0,1,1,3,0
6.764205293593213,52.06104487002608,99.45106103763189,6.2066047982458405,87.56548681436877,1,2,0,2,6,0
7.942132374212118,64.77122650465743,89.59974704215671,2.0131210782243327,44.142754378875985,0,2,3,2,0,0
6.134159012386432,32.419219674457,44.59573600501351,3.951377432643186,68.45530125861721,1,5,3,0,3,0
9.109886413393179,34.55425043962169,95.14166502507413,0.3945953289089932,73.640697696337,0,5,3,3,4,0
5.835477896558968,88.94284968108138,38.14564785198333,4.7554603748682664,77.70558739687522,1,2,3,3,7,1
9.940991214702327,95.68923697069062,87.22147959438341,5.4302458395766315,81.31789775847253,2,1,1,0,1,1
8.975101461834958,49.864745302380236,56.6436305433606,2.277497361032096,55.196343011362906,2,3,1,0,4,0
6.394220566903776,41.6595738514843,91.45820243115486,9.640288471655138,40.59872659950696,3,3,0,0,5,0
5.524849527056211,71.51996345912126,90.76396830752152,9.09454610937242,83.40661974129472,2,3,2,0,4,1
9.169576428046753,52.698733687847714,86.41477800823348,7.221432354559059,72.13939596085471,1,3,2,0,8,0
8.680858047314278,22.03090845282759,85.3021305414943,5.333866287653626,90.16706219243493,1,2,0,1,9,0
8.780532256184443,32.49220778929523,51.32753973686285,8.69969159647685,89.28330177404166,2,0,2,2,0,1
8.970716560086757,77.2777783077918,35.66434981358765,1.3065234382346291,90.59957006727299,3,2,0,2,2,1
5.833200932803407,72.71391535281211,58.208612513561306,7.90509794274885,69.10567959877241,2,3,1,2,1,1
7.113095778449226,22.16767940027868,42.146716049055605,1.248208139668483,60.017703750211936,0,2,3,3,2,0
6.021410767863084,37.75777295463595,78.64657622317232,7.942106625494054,87.4934921554822,0,3,3,1,9,0
9.383965416440171,38.48598372704571,54.22698085764499,2.7576756825135695,67.07764678175529,0,4,1,2,8,0
8.304841570724012,73.75141948789827,98.29271406019404,8.770905810181889,51.006531784206075,2,5,3,3,8,1
6.989041111836921,21.57684302034913,74.86804541417324,9.440420938253979,91.29844117368846,2,0,3,1,9,0
5.786012576287106,28.32868655876591,87.57363945440527,1.4879596940511564,92.95359260634083,2,4,2,1,1,1
6.89942044772048,83.99328682985515,39.27672709192939,4.626756050653935,67.97858536841021,0,1,1,3,2,0
6.963324949120362,34.28357296434669,90.34101375908358,9.809873781626852,44.54198363858725,3,2,2,1,3,0
8.783227802521289,72.21968862814998,94.59300333593761,4.834074359731466,63.269565395015874,1,1,2,3,8,0
8.369008621098459,39.05462248373812,64.09433431732552,8.635475225145452,88.2122595677562,2,2,3,2,2,1
9.49245734159347,27.955311420747613,72.43770564256842,5.887315221313198,94.10644171277372,3,5,3,3,6,1
7.624967163228772,39.453775279956325,83.53668606320969,3.753299079196019,52.20836454985575,1,4,1,1,2,0
6.038174106722358,77.78135454845273,42.23870390822888,2.857835555258702,44.01841672151629,1,5,3,2,6,1
8.709601542503478,88.45571744850287,65.17962535244098,2.0322309108608727,92.64102718797032,1,3,3,2,6,1
8.923532718776038,86.41758916535933,57.906411944061915,7.617981913776973,63.364296338732515,3,5,1,0,8,1
8.025747389062733,51.77468236947639,40.246179451357435,3.8654050682302787,72.5056578560538,3,5,3,0,1,1
8.969352309795525,73.44681092565169,55.727409560407196,5.112754622007511,98.08394872304554,0,3,2,1,5,1
7.722080183639759,36.39874363326568,34.77206165698455,4.9232548000118195,43.99388367485337,3,2,1,3,8,0
7.8522977322189735,43.45181842088106,31.80683348646409,5.772790292331313,78.89908044712573,3,3,3,3,1,1
7.423934582613473,91.70686548168958,39.461640240837596,8.655771456245523,44.446325354492025,3,4,0,1,1,1
5.614386070348428,21.04015388085888,97.41805781124216,9.807393435834294,62.52813570799002,1,5,1,2,4,0
5.98551142146987,26.840682468357446,68.46706751265118,4.075842085738169,88.22887271160681,2,3,1,1,9,0
5.641431335590304,36.630900411682184,97.6075512807254,8.27518922106303,66.00833396533807,0,5,0,1,9,0
8.363846850687011,22.122576309905575,60.27485148310924,7.645277946547177,99.83094123417703,2,4,3,2,9,1
6.91460191484347,34.51483480718379,51.82712931596817,5.735289514555733,73.54355709679612,2,1,3,3,7,0
7.788568110241163,66.64332487757537,65.42993039881708,9.56047143611933,59.269729158157205,3,4,1,1,10,0
9.584049132667419,53.713964047399834,60.76581820430371,2.004745155284028,53.20667955428519,0,0,1,3,8,0
6.6218150311699375,91.41373688615799,37.39652789832208,1.0926421030962141,61.03123205716971,2,0,3,1,1,1
7.346723153660333,85.39548493907527,74.85784202831444,8.539619669554222,62.35199642557305,2,0,3,2,4,1
8.899980123443719,47.34538813583008,45.12267277567197,4.391498166337483,44.12282066343766,0,5,2,2,6,0
6.529591744712301,40.7538746745034,73.37115684284808,8.469688542070605,62.174451965606394,3,2,1,0,5,0
5.846409594229568,50.375392653381354,75.51407646787074,8.930902051954149,67.85431118435349,2,2,1,2,5,0
6.803881538111956,67.22359540118461,40.64173971900537,0.6245759361907144,83.36426513432828,1,2,0,0,6,0
6.22549579264302,41.4450912658301,34.29447389774677,8.834647629860607,79.40376908329648,2,5,2,1,2,1
9.68363943554158,69.93191262793073,84.65331102479078,4.483190553694222,82.52593931374926,1,4,3,3,2,1
9.136541708039877,52.752932175299236,62.18602966385241,5.104324890042323,40.50182091261143,3,2,2,2,9,0
8.350316904296905,64.16377446815842,34.0714656853833,6.265925110932102,53.06004397483216,2,1,3,2,8,0
9.42157265584473,54.890122330825335,99.6406422018837,9.263826067300867,79.70105730399139,0,0,3,2,7,0
9.116524346046015,43.55726076335341,34.044639269745666,0.1911609442976403,69.03936209078483,0,4,2,1,4,0
6.339565264987161,95.87626455697253,78.65246602009873,4.768434683178171,40.318808540100754,2,0,1,0,5,0
9.5165154932049,81.08846353278086,98.85752476843895,6.877220424305607,88.26967854590934,3,2,3,1,10,1
7.927040088620428,31.209054061316202,46.742607295114794,7.227069576982284,86.36857439742025,3,4,2,3,9,1
9.133480698238282,89.47743807183302,39.95745580810373,6.92532431537108,72.90514977961377,0,3,0,1,0,1
9.532410849655719,58.99449585996109,38.496945759570025,1.3443512940812186,43.987799546576326,2,1,2,3,9,0
6.931015637373387,91.56417815152732,51.22926032973169,2.9939558837168123,85.99090297195508,3,2,0,2,0,1
5.995233660374545,83.98842047578522,37.073206770745266,3.587155254170135,75.02281526388184,0,2,3,3,3,1
6.525708231438737,54.017080357538674,78.45129391858924,8.04437207679505,86.91759862947755,1,1,2,3,1,1
7.421985048818153,21.797544665609394,34.36042586910439,2.7875987241455302,85.10481954375042,2,1,2,0,10,0
9.181066446651219,41.494188750795686,65.65954897048528,2.1070496386720317,88.18012431747023,1,3,0,3,6,0
9.373287624653546,63.330737172869355,99.76877976970837,9.574480190380962,71.08048398427749,1,2,2,3,1,1
5.531284587390358,70.67825758609177,86.97791886542132,0.088632851134689,48.4194710916109,3,5,2,1,9,0
7.7983628615990455,40.631014834656185,73.06536067617077,9.978208556819782,80.26944840278132,3,2,3,2,1,1
7.378349514169505,31.14848592582593,51.43775345506282,6.768212988573956,77.22842710311824,3,0,2,1,4,0
6.499485147118286,86.79441894394392,73.6727085404147,8.28469299449117,84.53519123194523,2,4,1,1,3,1
6.039394153001573,98.75217445628417,66.89290247381561,2.9461939634619316,50.19286036304412,1,4,0,2,7,0
7.019268271316326,62.055214584214866,59.82583687232601,0.14315277667059978,51.69851199401735,2,0,2,2,3,0
9.743093667606336,33.73434286786428,39.14972637181396,7.3786951856153005,93.42457103315971,3,4,0,3,5,1
6.954413194093398,41.784586121549516,92.06229506683266,8.341445970006758,84.99866790712426,1,1,0,3,4,0
7.8345577978451475,21.471254123797337,61.484925417492576,7.404761319535192,94.49370932201938,2,4,0,0,10,0
8.6635853150283,93.14390452483993,43.62357582745356,1.428502873008386,85.52291926983524,2,4,2,1,1,1
7.136333210706823,29.42008663121129,55.74315456141027,7.53427922256969,75.82931835941811,0,0,2,2,10,0
9.873019372244322,66.12131804114028,58.989082677024896,7.689227821076409,79.24796422167242,2,3,0,3,7,1
9.831012827239501,41.92441765497648,87.9276526896812,6.585405156700549,93.3476754364006,3,4,1,2,1,1
6.633020331214139,64.33424020126347,81.35300663929814,7.661159327955862,74.72840527071642,2,5,0,3,8,0
7.737618276515734,72.11363106814915,83.85134255489379,8.459214396777321,77.94347945970324,1,4,1,0,8,1
6.853952394175463,86.37934429657614,30.772188510005304,6.136041142374584,49.38860296021603,2,3,0,0,2,1
6.781782224698604,36.513701740848255,59.130779872583304,0.8860471396967906,68.43527320696616,0,0,3,2,3,0
5.665991263095398,20.879666292678436,63.69409061447266,4.876278096672109,82.98382671748594,1,3,0,0,7,0
8.243039502909536,30.950850405504582,31.343459377613968,0.7764933467160506,56.25656189898193,1,0,0,2,8,0
7.762055604529877,92.0014913478484,48.186924612152396,4.075430310324308,52.13525083147209,0,1,2,3,2,1
5.731654380624952,89.91120620500122,83.22028761854945,4.071064891256277,58.82960849346493,3,0,1,1,4,0
6.753909089064751,67.79304817362467,39.597679401029936,0.6600984414024158,54.49003767957001,1,1,3,0,10,0
9.58719648684994,68.04134883469227,67.47170920168142,3.488205339694793,52.894758222183754,3,1,1,3,7,0
6.578028508001376,73.20293396370045,45.06413104120662,1.1099809879131484,65.49105057208521,1,0,3,1,2,0
6.152026924410504,34.02970228987597,30.84845422507253,8.082352100092221,94.47031083301204,1,5,0,1,6,0
7.702537421249033,93.15295567399679,46.8841020319679,9.476880259644707,70.4235788043231,3,2,2,1,10,1
9.935427043497704,53.50164199136585,98.31116284370377,0.7231647525793861,51.275222848919384,1,0,2,3,7,0
6.589248721801752,50.65108225995979,86.10759783180927,9.551152072917015,44.61830016285244,3,4,1,3,9,0
8.524609963326453,61.513416422627,97.17036510247233,5.225765993367451,81.76936870827552,0,5,2,2,10,1
8.927288268979229,23.757277342004404,64.14978307484537,2.9956567795387388,62.967925866183265,3,5,1,1,2,1
6.569368947965799,33.30266950048635,37.68153390742525,0.7686207527616351,89.30985679512156,0,4,1,1,1,0
8.776973568753368,79.04268931410964,68.35716422815851,5.006242680704178,79.5706461184462,1,2,3,1,9,1
7.155024097236639,26.623893434010117,61.80641341919726,7.945155444907487,87.77448703248211,3,5,1,2,6,1
8.345376237671108,68.25216875731105,89.10499579177312,7.070864772666981,56.316762365106925,1,1,3,1,8,0
8.350883698424026,39.627928774505676,36.86578065489712,0.5022601146397376,81.54153534766348,3,2,2,3,0,1
7.910986078336413,51.143649123358124,64.17687959152448,0.7290183536790351,55.84371908162313,0,4,1,1,2,0
5.906303965244837,43.09549894165599,40.5034065285789,4.028732826326371,96.3441087670175,0,2,1,0,4,0
9.25886123015157,48.45381731719593,52.7273148823042,2.9529049404794327,78.18245689200246,3,0,0,3,2,1
6.943510292372811,77.52367241473964,81.61499541714598,2.3238432305604784,59.470708010520525,0,2,1,2,0,0
6.339333296799344,43.769737249854,63.32126905581366,2.810044989087136,56.17071173753636,1,1,1,1,6,0
5.683488136996438,65.31237122375177,56.31217996020385,8.034827432968846,51.45559510429861,1,0,0,0,6,0
8.159018244347088,58.08403217592797,57.61333949990247,9.29228053631854,81.67845753362366,2,3,0,2,9,1
8.54903962829027,73.09369322901185,62.16127378841907,4.051026945275664,53.12293677987564,0,4,2,2,7,0
5.574645230175353,94.94637914598064,84.95115806859398,9.061110021324971,75.71819595564935,1,4,1,3,4,1
7.8044187623467645,78.60576777682002,92.4459282258164,3.21495701247882,55.878101615521445,3,2,2,2,9,0
6.519230988390721,37.19523028726054,96.87342805527499,4.764369863437916,79.71813668763212,0,5,2,2,4,0
8.403277556842525,22.494650804902776,85.08323703787066,2.260289978159997,88.89638371243235,1,0,0,2,4,0
6.2846489305224615,40.98112354398601,52.07848270236089,6.404760421758439,86.68151458867919,0,3,3,2,0,1
8.609219821461096,67.60623445602039,78.16942942605795,9.78981115174809,85.6510798558469,3,0,2,1,9,1
7.240309058352418,24.114065078740026,60.63221868387743,6.034930960433787,51.263344341535124,1,4,3,1,4,0
9.715284949315304,59.70929977609891,47.82694354322358,3.5781408411354887,45.30309681907112,2,0,1,1,5,0
6.11884424865697,67.74742791335115,88.86101055981459,6.478174459905284,81.93692970924315,2,3,0,1,0,1
7.034798579726163,46.73951126535687,32.68984442736275,1.2292067846538757,62.10083282766108,0,5,1,0,10,0
6.010630845582651,81.67297629966575,93.12333944947964,8.886590802653986,65.94077358420084,3,2,1,1,6,0
9.661121282253532,28.527860250701742,62.30342252373139,5.030839507798364,41.86894556760346,1,1,0,2,0,0
9.448027090214413,26.0110225388647,74.60410337657963,4.49349742039642,55.574586956502955,3,0,1,1,10,0
6.6607373247182,78.25510049628826,76.15477455440478,5.858647884535192,42.02058423246784,1,1,0,1,1,0
8.469928207153806,59.63930529649588,92.65824184945754,6.2478386278940246,92.75114635607486,0,4,3,3,1,1
9.17749990090547,75.07219171421889,74.56687775170451,0.7177580622651303,54.60380099311183,1,2,1,2,4,1
7.998403652197581,54.7861870882997,72.97535093320433,6.826172212234024,73.44023017438047,3,2,0,1,9,0
7.88342760260203,39.712162659128545,34.6656428392483,2.419316803155296,42.33875923966782,3,0,2,1,6,0
6.588335309052033,85.52818541393597,66.28856153616428,7.139526325065898,80.01084347833948,0,5,1,1,0,1
5.918962455126547,83.95327031751833,40.51183005719292,8.225347943841967,59.38164074524563,3,2,3,0,9,0
9.53747091078997,75.57571766835414,81.62036381050399,8.039585075525203,93.87515121745994,1,0,0,1,0,1
9.551881257234987,41.771610978397014,65.85553445688721,5.525009674078891,93.28709133604215,0,0,1,3,0,1
8.348956557729705,67.21845334952697,77.61594454458474,5.201698923107512,59.51743710170487,1,1,1,2,5,0
7.025634059719153,48.87791175520214,32.9171030421669,1.4287596133941172,94.05765374142808,3,2,1,2,1,1
7.0714430857569734,27.326565866130732,35.935441123206225,7.753461504031356,99.76946040992672,0,0,3,1,0,1
8.766800554916077,93.38508603697943,80.14263716438776,2.7140938044671437,89.52493984743688,1,1,0,1,5,1
9.536996169786597,30.945490473516912,35.045903519907135,4.966954228179466,90.69228086531373,3,3,2,1,1,1
9.491888909193028,96.0189883056642,34.9879709435681,2.842740929275167,54.940524166545394,3,1,2,2,5,1
9.009439956359307,55.68046183663646,30.84759326644212,1.3382836299969314,74.60214393146538,2,1,2,2,9,0
8.389142407694294,34.81063430708957,96.9550978809636,6.2955769689173655,44.03535483804207,3,0,0,0,7,0
5.87862984247772,63.35207579026865,81.62558516213048,0.5433203482290383,45.69507620930018,1,4,2,3,1,1
6.227329213425762,89.83566687011266,54.72759859514449,7.486452341262,99.93355672199743,0,4,3,0,10,0
9.543493848371856,78.5779909127649,50.75749069013587,3.1758679526111666,59.598354965554655,2,5,0,3,8,1
8.228930768468155,84.52489182891598,54.479226082209465,0.0013469300448532007,84.89103472293078,3,4,1,0,7,1
5.541386732274834,72.70266933685738,84.22574718268274,5.111291392372298,88.39990318160899,3,1,3,2,9,1
5.9566219428971445,75.3821251614282,76.29594277492902,0.46851908527603126,91.48139626043375,3,5,1,0,0,1
8.485757960986252,87.93565212522554,42.96368975072276,2.761695578208995,99.85769784412939,1,0,2,3,6,1
5.522777127307984,39.97344070873488,42.18765347338591,7.069764874557162,54.48978911541207,2,2,3,1,9,0
6.223636231378744,59.15399709145124,36.88769547993781,0.6268962162186587,42.421049611581985,1,1,0,3,5,0
7.969302052149637,37.69675534556818,76.22119037909367,8.393384923560024,64.67149107967515,2,1,3,1,5,0
8.61352838961712,99.01344063973175,83.50608635552152,0.03819922658583108,47.804840189736815,0,5,1,2,5,1
8.433825667761703,95.52474717492906,48.55324998275028,2.4682386920190225,41.34555334972331,1,0,0,3,5,0
6.5092118925725195,23.154144909480472,31.466147272163898,7.409040561520714,61.625609628489165,1,3,3,0,9,0
8.704806496063911,76.44601380125508,35.75201672334991,3.162701497293068,87.02429506451418,0,1,3,3,6,1
6.567620893735601,94.01986539325327,97.75020243915213,1.0189238806601353,73.97084147350425,2,3,3,1,2,1
6.964298641716705,34.44602761018668,50.68113442341942,3.6023391880042785,58.76667935262124,3,3,3,2,5,0
8.859211323031108,65.43561844421035,83.84562034866934,2.7039328638452553,79.26052032956318,0,4,0,0,2,1
8.423348045712466,93.23906380704335,73.72644981979846,8.427119021605549,53.92109081852864,3,0,1,3,6,1
9.3215053472238,22.715678286863906,56.73577477570271,3.1334791758514315,40.862886764325104,3,3,3,1,6,0
8.459258015351544,75.7936213797472,44.398108353688855,7.889324717760072,85.86120318618563,0,0,0,0,7,0
8.057388715009623,43.78792058980406,38.497049271158446,8.918721448107348,77.42458509184056,2,4,1,2,1,1
5.921536455226416,93.95169563012243,73.05090776272067,4.338174195765295,85.7381574700576,3,0,3,0,8,0
7.154721113767451,97.68465961322943,84.22436464464516,9.09943143854392,42.336281001259934,0,1,1,2,4,0
6.6934106545677645,95.54131912907471,75.07329774787914,3.7731805396319285,90.22717766983914,1,3,1,0,8,0
6.5979533952058755,57.9371373325971,67.12114932744109,9.640784164901081,77.17157200217821,1,0,0,3,9,0
9.878547496386005,88.96341207914507,32.93658564021454,0.8928952452557293,73.80372104275841,1,2,1,1,4,0
7.268939761000421,87.56395188280563,97.79421443160686,6.870192665032428,77.47684288687189,0,0,0,3,6,0
9.51420949829701,45.528037859460454,85.90999341582022,4.938140404569287,91.86599481210185,1,3,3,3,10,0
8.340123816987683,86.3132379320542,50.497542569067534,3.8764880545564706,75.21619039353442,3,4,1,2,8,1
9.076650865937417,22.96061077723941,98.59792305511955,6.327118787486009,74.85702279329075,1,4,1,2,3,0
7.7618669189733644,67.70159027856424,72.13171127454254,7.038570916343312,99.44074942394595,1,3,2,2,1,1
8.096067480818617,38.40070698301624,70.76958607450726,0.04363269650309087,85.40381002411408,3,1,3,3,8,1
7.716329622184888,29.645350862182305,82.36512256006725,1.6695308874719872,66.53762832706812,1,1,3,0,1,0
6.3785934450912,26.156256130336732,86.82388516630962,7.130460506343187,82.44382000197567,3,4,2,0,2,1
8.751034518676775,75.70310207025118,75.9535025132052,6.663854135782064,63.353828301507306,1,4,2,3,9,1
6.7634756309838515,47.18999710144529,38.966702245634,9.660475051286772,53.73252774900994,3,3,0,3,1,1
5.609421848941542,77.98134172230093,53.67872541961489,7.61037790250783,75.81111261326556,1,1,0,1,2,1
8.404625331582256,25.22850726391539,94.96585482282349,9.50772707731338,95.69092588683708,3,4,1,2,5,1
6.29699805733172,45.223227026448825,45.723092829069635,7.02540501534807,95.74837120092776,0,1,1,2,2,0
9.732063629588115,63.15930339002698,56.051691668625935,2.9805220863944317,60.51431668632942,3,4,1,3,9,1
9.792678596511642,83.25785318711709,60.24538180609372,1.0536492225085647,71.6606479733017,1,0,1,3,7,0
9.616889755992018,45.5002002345656,60.758349278611654,7.818238633449356,52.69815391419167,1,2,0,0,10,0
7.1657141511494995,70.07131011496072,72.90577077461678,6.441492214759159,99.737866569933,2,5,3,3,5,1
5.569554774379903,90.87821985889497,96.01530864212953,0.4818601239329623,98.86707447207614,3,0,1,0,6,0
9.677433531644764,69.26905505458436,46.84848982827535,3.6005046590097836,78.97053578244683,0,5,3,3,0,1
7.426828667427914,38.6367579802907,38.50509634106427,9.567998154842861,88.2648435806484,3,4,1,1,2,1
9.849946685696512,21.952062524523043,43.82293429019561,5.0040114571020125,82.906009677022,3,2,2,1,2,1
9.836289896901638,89.60790991207439,92.08474301464886,4.327291360197046,75.5894931423681,0,2,1,0,1,1
9.33854254960312,21.701552868030973,75.20675688586442,4.57699605159294,43.20087981933386,3,4,1,2,6,0
6.825020014313136,89.97613381473596,50.01347524674121,2.0888272400516374,67.28586055315967,0,4,1,1,8,0
7.232939778708664,62.31497072217696,87.11628572780322,3.6870717086479523,80.48717813004464,0,1,0,0,3,0
9.330115021825856,95.1254158810317,90.29589974544052,3.698132559871766,80.65189683302108,3,4,2,3,4,1
6.92614902320325,83.90265886189323,89.25600370831947,0.523550201874724,62.387357105343014,3,3,1,3,2,1
6.262717360087416,99.834728842667,94.32485735476881,7.675676285179183,96.50151919948183,1,4,1,0,10,0
8.005605681062576,48.05694523613681,47.65687141213531,4.16504431903879,50.04142193420686,1,3,3,2,8,0
9.712696483723514,81.37506311449016,82.85293501223947,8.221798868164234,70.02156677293364,2,4,2,0,3,1
8.632134085037379,52.15447308873937,62.2377648091898,8.503480011198954,81.45303859304937,2,1,1,0,4,1
8.065275265402143,58.39004962431271,88.9398987023043,2.1199405469865806,81.82814835350855,3,3,3,1,0,1
5.937294221968458,70.2004370574696,80.99434740131292,6.573534821701285,78.91833740612893,0,0,3,0,10,0
8.267532520146265,89.8941691349071,84.35132125498072,4.722818041629817,56.51729280711161,2,3,0,0,1,1
9.955242325469186,98.72667753594361,75.93132863767501,8.80156737921485,49.37239412119732,3,1,3,3,8,1
6.130378068564358,81.46187310916146,42.42001386287948,2.157406791764541,78.15641960960265,2,5,1,1,1,1
7.832483435636815,53.4213425733867,68.15188432278569,6.778132003100442,75.95812696836626,0,3,0,3,4,1
9.4481788236758,53.70856018216561,98.92688176671557,6.077521222527226,50.761360617354455,3,4,0,3,7,1
8.83345877989392,79.00658412711132,95.61716465479833,2.953014775718328,82.3083487342338,0,4,1,2,2,1
8.636570834478706,39.10217166146418,33.02216150579082,1.3660090365117261,67.31031950401939,3,5,2,2,5,1
8.661178377941992,28.837929050511573,41.5370371010606,6.516397604772766,80.06563549618917,2,1,3,1,3,1
7.117710180488898,48.36977261126212,39.22101414181933,7.385974581323307,90.24202478620904,1,2,0,1,10,0
6.82116329919022,42.97911933232654,80.81859369897069,3.1562734376334998,50.183705714615385,2,4,2,2,6,0
9.14212519965331,43.7046496364792,87.24497308998616,6.448326040223138,41.1486920798102,2,0,1,2,9,0
9.145510276056314,38.688620083992795,44.94579564174703,3.9513090761150327,86.7461551837472,1,1,3,2,2,1
9.401825433610467,23.36745517090895,65.40968850662803,7.132068832826177,76.58184550915695,1,3,3,2,5,1
9.60958248650412,21.429914778673105,88.849211960784,1.992152748940531,81.97837417732731,3,3,0,2,9,0
7.80104079487422,99.01779117888252,81.29610813363755,8.902150026361744,90.28929849931856,3,0,3,3,8,1
7.756823326092398,54.22185069886899,67.95660438442938,2.8740959646557975,88.16865608947003,0,4,3,1,10,0
9.092328305350488,50.74613177277453,71.32433833211411,3.677859877561529,97.65520881572948,0,1,3,3,9,0
8.424837688499943,74.3717826154456,65.58523828413959,0.5809195208034978,72.1561047311271,2,0,3,3,0,1
8.658850947659666,37.46031102920513,50.828391592317445,1.115122123212764,69.30973795959432,1,4,1,0,2,0
9.081067012462455,95.99689471601803,69.55153950013113,5.158619027123281,64.1132319934438,0,1,2,3,1,1
9.505024038179048,82.90760115324417,78.22197114350635,2.675926767279715,49.22146257065227,2,3,1,2,7,0
7.020978205831911,27.15288018498076,91.13260411025654,8.354802257421944,74.35643397292134,1,1,1,2,6,0
7.190123286879748,53.40646206279427,74.54039477854737,0.14693388654953843,56.620751459558726,3,5,0,0,1,1
5.922918729283911,90.32946460497317,83.27850759302106,3.7909404867193617,95.27845073277854,2,2,3,0,5,1
8.102260634482782,95.57856178331282,41.20501444682011,3.3734554676909267,74.99144825662586,3,1,1,0,2,1
5.661740232085339,57.39212089998958,62.309023209385295,0.19327630917601035,75.57041083048661,0,2,3,0,7,0
7.59519108159607,69.07291113685662,30.653213387896532,1.2436839900051022,61.2954796526206,0,1,1,0,9,0
7.941900856184095,33.36271568736602,47.26752051651361,4.136426749186352,43.11936111866245,1,2,1,3,2,0
6.78943563457728,99.29349009095813,80.85232005791033,4.928645844474467,41.90462592237932,2,5,0,0,9,0
8.158749672560548,38.53373611067547,99.42669659445544,4.042897472548691,65.40010864919185,3,3,2,3,8,0
5.637251124725722,95.41854193081005,36.94246697110511,5.309376784120938,45.07392268583427,1,4,2,1,0,1
5.668066849371465,71.97173191938947,58.10460211029017,5.951316749056815,76.41081733240836,0,2,1,0,4,0
9.201702522968462,68.61894359030873,86.00496780894116,0.0992382112783563,92.85838033837945,0,5,0,0,2,1
7.120857886350683,61.015080881320685,44.28249442402292,4.640951594535039,92.97488899112332,2,2,3,3,5,1
6.0717723069334815,38.45358493742069,68.85594645116004,9.634992408875883,79.54272460793393,3,3,3,1,9,0
7.850094670246619,34.12224256044066,81.31499072207723,5.190322801295487,52.67390988837586,2,2,1,3,1,1
8.96497098894375,37.63889672561403,73.11898151821254,6.775422674589532,91.77980988153232,3,5,2,3,8,1
6.471194623735794,34.91506097154036,43.16173142307913,3.118638579168832,93.16560611879248,3,5,0,0,5,0
8.303007141185502,82.36675788534026,54.87691980800176,7.739913781527625,51.79921509717752,2,0,2,2,6,1
5.884063592471956,48.01002073333841,84.8654249139778,7.729214818761151,84.24556514624064,1,3,3,2,4,1
5.732567745258734,24.62741412507171,68.79585598924116,5.212960476541389,57.19117293562738,2,0,2,3,8,0
7.891095842056666,97.52821041126491,30.366072948003893,9.760138232792135,88.15841874117578,2,3,3,0,0,1
7.93285804724548,90.70287079707406,83.26935320196657,1.2555021476265338,99.83427399421616,0,2,0,1,4,0
8.36843455674193,94.22018265561704,32.47179484581673,0.16947664889580993,41.80156031976357,0,5,0,2,10,0
8.767411001751977,99.59262581171483,82.20136479118625,7.701582117570959,93.84195194745593,2,0,1,1,9,0
9.891334357581407,33.91161993755898,44.173639211566616,8.071555373648826,77.35783201591948,2,2,1,2,10,0
7.823351567355379,51.699361512212704,97.06514360835662,1.2020722912057624,98.40295714988926,0,5,2,0,5,0
6.953304128235606,80.6590780563273,55.75585259114591,2.6558283295860607,67.90057105158566,3,3,0,3,6,0
9.078337876459166,75.68164944430337,52.88521314366554,0.1755236336662891,90.84327583428242,2,5,0,1,3,1
6.718745130679334,32.311672507188405,40.422163523271124,2.933086107805647,43.743644115896636,1,2,1,1,0,0
7.4753713931753625,85.26664999924942,51.39229508431504,7.731418739186715,60.11674300469774,1,0,3,3,10,0
5.853053716040197,37.95524574693285,91.36555332797404,5.179605277125789,44.0209922650726,1,0,2,1,7,0
5.614078345369559,37.905409185809845,99.7434036339073,3.480955931682881,98.52058800874423,2,5,2,2,9,0
9.831917866050663,62.957953831473084,55.78166713547938,3.717392949063303,89.0184344363102,3,2,1,3,3,1
9.261910542304927,67.43519478733626,61.40274416681798,0.013536257154681541,91.15284527475822,3,1,0,2,2,1
8.63188392742164,66.40689662702489,80.54496567419159,2.9980052756523587,96.27791388603364,0,3,1,2,6,0
7.340288249864214,27.31894699182039,92.03370463255521,6.464587416379305,45.10620916718712,2,3,1,0,1,0
6.279824440318806,90.19686901043043,71.51310339307489,9.741944438163571,63.1358555508,3,2,1,2,7,1
6.203966692019887,41.24800340709648,57.40679887244805,8.470608269838994,44.26209334264013,2,1,1,0,5,0
6.626093041740679,30.361193702624334,58.88352885940366,0.23594964645529126,52.64758609300172,0,0,3,1,6,0
7.9715199911775425,91.09984638951818,78.69327025477648,8.985606046748394,53.76194662226034,0,4,3,1,4,1
8.71568165215028,96.45211985838027,30.22527845229951,7.83198413298626,68.14643266285472,0,4,0,0,8,0
8.47088819522979,88.97020938123605,73.37125362218885,7.803761235709804,56.11373004721855,1,2,1,2,4,1
6.759702536256743,84.76128597799024,54.884510730895016,4.579957590035715,46.058686409065665,2,1,3,3,10,0
9.796893762984373,72.41935845112174,85.59381318939589,3.980052929545028,50.04946534564646,0,1,0,3,4,0
8.820536125130959,64.06858964873115,36.50934478761925,3.029157288331926,48.836533813125456,2,3,1,0,2,0
7.994593236301303,26.958940792912813,71.17415868638733,0.6569485895436578,98.3846078747379,1,0,2,1,10,0
8.252743358054586,52.676257045655895,63.668102292028664,2.282353634936991,85.55755041510841,1,5,3,1,0,1
7.388200280925055,49.81508136098512,74.96278681336591,2.4660363497802464,98.06568791617372,0,1,0,3,1,0
6.6147894527552085,40.7803027008261,34.53975161380778,4.840770697102016,66.38442919047452,0,5,2,0,7,0
7.101877053930677,77.87360909508679,70.59886511996919,7.4744440659669396,56.702108899759395,3,4,1,3,0,1
8.910307497089661,59.67005880630167,69.30392115716666,4.7380982839794665,87.8975918325512,2,5,1,2,6,1
5.564770698833901,26.483697272611835,69.24620660913197,0.5784444944716061,59.57523508246881,0,0,1,2,4,0
6.022326882281123,37.6146561559849,72.24413666175184,9.57789800988204,57.9630024223209,3,0,3,0,2,0
5.707011889097887,74.66070109276768,77.35275560584535,9.427243190941123,53.950359532469875,2,5,0,0,10,0
5.683279610435366,26.090468759224017,86.34922997765389,7.851895431484084,47.78073869345412,0,2,2,2,6,0
9.349572628049533,88.0965531239015,48.887450408975,9.913279015642205,55.387783661005955,3,1,0,1,8,1
8.666460367210107,59.611722161117946,87.75345871260434,5.444823328002629,61.31918490843326,3,2,3,0,1,1
7.6337822308929635,58.44692618613184,64.87789775844175,9.627683502532062,80.43965248874383,2,5,0,2,7,1
5.940253722929507,67.3926227727614,35.39407953940318,0.7560504061675077,43.753890533167095,3,1,3,2,8,0
7.712271438025746,85.97447727401193,34.098565047078544,3.656807482613713,52.630416379920575,2,3,1,1,10,0
7.6306229685125455,47.824736632175444,53.39668230872425,2.253812680067658,88.54141841750058,2,2,2,1,2,0
6.279408414595069,74.24129220472508,84.94278839780273,1.9583308413427003,48.81531541502625,2,2,1,1,1,0
7.452332421570879,65.2585571196633,79.5376654318641,1.4080294889267608,60.55870879135129,1,5,0,1,6,0
7.29327130478818,41.362261613553706,85.20304752706845,6.224136415659967,91.87953531148841,3,4,1,3,4,1
8.271325441234975,90.29039890841264,66.20883395091266,7.813218557473051,49.29551866860656,2,5,2,1,4,1
8.357921428904397,83.79408172855425,60.81392985688434,5.782983994203606,44.96421013709139,0,2,1,3,9,0
5.7038680439742,72.67614677267403,40.32167686943988,1.4696270958820967,69.07227970480065,1,1,2,0,4,0
7.185756765819121,88.04653832753935,52.97349275265181,8.111237699334708,58.14517067671218,1,4,2,2,3,1
8.316369620714063,89.3835360767842,60.381355632171264,6.359547071637285,73.80450186903124,3,5,1,3,4,1
7.764113163610395,76.66903813720279,36.202030077573205,3.881657061269955,88.22829342900852,2,5,3,0,3,1
9.35420428534745,86.96106626909376,45.442836689784784,6.74130295536063,48.22890928916459,3,2,0,0,5,1
8.464121342285253,75.79771693354269,71.87577058446172,2.5990497924283282,74.84194507325711,1,2,3,3,3,1
6.233204921866434,74.41126174082403,81.49641799674329,3.451922084942105,70.33052562339184,2,3,3,0,1,1
5.8175593633019345,69.48891025721474,99.88432579750648,9.174858431319903,48.64472716079197,0,5,1,0,8,0
8.39088675192842,80.2173311646113,95.31793319404903,2.905045056714204,77.43990913173894,2,2,0,3,1,1
5.619300897437298,32.68840842344589,74.9795639674634,4.699882681579366,56.4184250716463,1,0,0,0,8,0
8.135990115730586,90.46966073591427,59.487363730585045,8.901411373960146,69.27005911264075,0,4,3,1,9,1
9.73103608641231,89.74748221961856,74.5324155295763,7.077213502675274,44.93633945662371,2,0,1,1,5,1
8.089633800441455,22.33978264276473,84.99561326561624,0.6220322616470275,67.57504343281738,0,4,0,2,8,0
7.246764667929348,86.06534004518102,38.28353336463711,1.4730304427897034,58.38780808256922,0,5,3,0,8,0
8.39479698299059,30.309589397875616,58.693342278740175,0.07841590771916818,89.34287267112126,1,3,0,2,2,1
7.562138007211825,46.809508340731355,88.7861599944932,6.309217902291634,43.4187236198421,0,2,1,1,0,0
7.955275551921707,79.48066050332862,56.868306635313076,4.4767342541041835,65.1164364950998,3,2,1,1,0,1
9.736591639494364,32.860791683864655,70.03105898590306,1.3427485090227553,67.50588544788627,1,2,1,1,2,0
7.237461870103484,85.43736192952497,71.14385526035387,9.579341210567705,83.50036457794712,3,5,0,0,4,1
9.825357537207614,86.57073423661936,42.91333771935476,5.296597239456199,74.45725450541266,0,4,2,0,2,1
9.574077888802286,60.597418700866896,55.356480915660185,2.418932941128892,80.03274023165086,3,2,0,1,8,0
6.381060106551834,20.510869737346688,53.415790211935246,5.006035711547075,86.62295713910537,2,0,2,2,8,0
5.8121258539382445,42.96305065399302,31.833769597244537,6.796203327351078,91.73217841949133,0,2,1,2,2,0
5.95350100619842,69.35415347005937,31.693423472394866,0.7623921797356448,58.83252980334823,2,5,3,3,2,1
5.581998215431974,98.49489424219388,88.21879305730414,2.74703815047892,72.28136232183418,3,3,2,1,4,1
5.924993323401678,70.54508216133347,49.11495669809687,8.069654908839937,90.40648470635199,2,0,1,2,1,1
8.573530480373606,40.78428648513278,66.26551363671709,4.596648704026612,99.36706785790338,0,2,1,1,5,0
5.820348918071031,70.72045624796891,50.910790151214115,5.465771420322949,93.37115866262579,2,2,2,2,6,1
6.935390336321926,63.198830377268436,95.84754715807384,4.328160022094693,62.28803575746261,3,1,3,3,8,0
9.301938899362545,82.3876316120915,48.150773120604164,0.4389994264300512,51.709991033119024,3,4,1,3,5,1
5.604723710811216,28.558451106156674,60.07597689172546,1.6574977982015593,69.36355224439532,3,0,2,1,2,0
9.16510817165021,80.88223220016224,91.09111753392213,4.455416387418909,84.49848711016253,0,1,3,2,4,1
6.7683464864803,63.301326294088824,88.93534967542661,2.0918546540792784,69.55414424519785,3,3,3,0,3,0
6.031741724297453,97.03936030871957,43.02709924923941,0.49979028659678737,68.9908517988201,0,4,1,3,4,0
8.635317244138678,47.34977328309489,86.18503168569973,8.436496640518238,90.29382526490804,2,0,0,1,7,0
8.330242810509478,70.60975145071585,62.073082071652486,9.811925291641158,61.68422674403118,3,2,0,1,7,1
9.448624060871738,94.5622484408014,63.80782104597486,7.931428739967394,91.58768048869874,2,0,1,2,5,1
8.807819697117486,28.20077823925434,39.34359806911606,8.53784921704667,64.40828805710342,1,2,3,1,0,1
9.115664186731818,94.9782789789161,35.64210596299873,2.419771303170454,59.69398634070036,2,4,1,3,7,1
6.7691555765708795,75.03085778406506,80.95575148816357,9.606269755131997,67.23939467198194,1,2,2,1,7,0
6.298477947008752,25.42696472841375,64.75228066487098,1.9692570445342839,85.7468175204921,2,3,0,1,1,0
8.877766382383863,44.0770853557453,60.57954918306257,9.514298103618323,47.56012167183965,0,5,2,0,3,1
9.130756326702688,76.65376709162253,81.06557600566777,9.94819293965951,51.78515295232104,2,2,1,0,1,1
9.95727313900303,25.388048117501736,83.58590292937768,7.117228057460487,97.08668953978551,0,3,1,3,3,1
7.35677954610142,66.57363681410186,41.12357173685475,9.81143731791822,50.52949764288144,0,5,3,2,9,0
7.174081386067524,47.67064455623654,72.71576046343489,5.695397795671036,74.06363907586328,3,4,3,0,6,0
8.993858323338985,69.67324142139816,39.474785759437985,2.595417831760903,74.75886799971627,0,4,3,2,8,0
7.033615931138581,23.65936270500103,82.5962560220332,4.369958856656209,69.37746772301469,1,0,2,3,7,0
9.68840796521604,89.7229444921901,75.98686093869976,5.93560935378786,78.68471491460912,3,3,3,0,8,1
9.362857383293553,97.87911753419175,96.96302347584206,0.7308156202701499,53.789603547857105,3,3,1,2,7,1
7.430473123187582,97.51022842285532,34.82706114494948,6.223432646172461,73.15973606660489,2,1,3,0,1,1
8.878919805061738,79.97214653943398,33.9938304805878,9.811778367622946,62.33039531481383,0,1,0,3,6,1
8.895442933381071,30.406899210450558,49.75309522852401,1.9010764978372763,79.70003557775135,0,5,3,3,1,1
5.964057409761697,80.6610556743218,48.31939786151342,7.925951162883833,48.47341260238897,1,5,2,0,10,0
9.56148808005805,21.96695331670412,47.28851593503999,9.078987937796194,74.25264501036858,2,1,0,2,1,0
7.773635676015357,21.76988412231978,93.43782063647257,9.437015928202207,51.11622132299942,2,5,0,1,3,0
9.219058597484837,45.8888175319633,47.46823398946543,9.601356044054473,56.71858378690219,3,2,0,1,0,1
6.940223204637753,59.091455232373264,49.03648082900417,5.214596387214719,53.12258801941499,3,1,2,0,4,0
9.529854528232903,81.63259342462345,83.15787836925746,9.773079079915037,50.970266792129024,3,3,1,2,5,1
7.251407554303734,74.66363012852042,61.481788971537796,7.573102071344389,89.54265709364002,1,2,3,1,8,1
5.548769431661342,55.67221651013987,84.36973898686269,1.616714362369619,57.14245405965342,1,5,0,3,9,0
9.574218893886687,41.89013330253327,34.575631029506965,4.7690010646797,95.62742691186696,3,4,0,2,7,0
5.910790045537601,99.76996001261689,64.12998355713691,7.18331175372004,98.19559152071145,2,0,0,1,1,1
6.936911369156867,54.094504178877834,32.35295201282978,2.473403158190833,74.27562819622584,1,1,1,2,0,0
9.775278851728622,56.11096194637404,34.38572424187482,6.406151835488874,48.580067359943584,2,4,1,0,1,1
9.777732161219003,33.089905695333535,93.45062173410876,6.666004790466192,62.47289460277487,2,5,2,2,6,0
8.080470496554788,83.58476389999436,39.74717597823166,1.6269974380856589,87.86393580089285,0,3,1,1,3,1
8.343267454764096,75.49457806251908,67.2694477592652,5.650853124527563,62.04344372182423,3,0,3,0,9,0
7.518004848902439,37.66156902310083,58.77669218204946,7.716269109786077,45.221033098167325,0,4,2,2,4,0
6.819448472641291,26.590483649267416,54.31403283811899,4.988956645359419,73.40709465569128,3,0,2,3,6,0
6.978990454164622,74.43994416597704,92.98833419810907,0.12103116776107425,90.70725108976208,3,1,3,1,2,1
8.526333052346672,72.36089714249081,31.527637774284266,0.09038469079292177,87.75558322861013,2,5,3,0,9,1
8.88568538246956,41.86076215985675,76.46527803229124,3.570293439700122,50.507388407821196,3,3,3,2,1,1
9.062105696766318,96.06908498003283,97.43761039494854,9.26194068431782,80.365876864748,2,5,2,3,6,1
9.053281642575492,32.08463134247202,69.21177284232894,2.286767796036088,53.23025580613883,2,0,2,1,4,0
5.910427463719107,54.586784083408155,95.57757234231643,6.343636888716872,53.09245207313033,3,4,2,3,0,1
7.7248913711616165,95.4892736134079,33.65805155002166,2.2207587069332058,92.44430639831111,2,1,3,2,0,1
5.759014420074899,53.57818535408978,59.31553233519129,3.216699896595486,54.98013716441381,2,1,3,2,8,0
7.97287997045681,71.08207581312683,48.21104536734358,8.48042089601484,55.794840791080674,2,5,0,0,4,1
7.4868872561801965,51.80755183702354,81.15746754865108,7.288614422699469,40.03920344567797,1,4,1,3,0,1
9.494668822412349,41.937216187893604,98.69079633480726,0.9539927731321063,92.24014204753107,2,4,0,0,6,0
7.079117556484354,98.71821183678625,47.957104371097344,4.287020209864336,87.55568879254808,1,0,3,1,8,0
6.026801573924226,52.74672050520344,75.79222210318521,0.2916976364526447,77.63973610544068,1,5,2,0,10,0
6.143462569237761,91.52793629433076,43.86683429318181,4.80890146603009,85.01594583633053,2,5,3,1,0,1
8.926797842728625,38.39636847128689,69.5731178200127,6.62434011701068,49.12291404546951,2,2,1,2,9,0
8.281981284923175,37.04837632200666,62.47527406818353,1.1850262359815156,67.49941567525453,1,5,0,2,3,0
5.955052042552556,22.49072663076091,98.0403730742076,2.8888493890916567,61.07316324092685,1,1,0,3,2,0
5.878480627517488,72.13334603007081,72.59690908875265,3.9783662550215695,45.62659157542099,2,0,2,1,4,0
8.65436109156604,49.48210749790089,54.46544604607732,9.195310246560497,69.16782911289545,2,4,0,2,6,0
5.8274335286388705,89.14865998717096,37.986704942155335,9.93255015422964,95.24437902055811,3,5,0,3,7,1
9.198370266806602,57.85679253532457,40.58727801144542,0.44911298995615856,42.40354714304167,1,0,3,3,1,1
8.678090022204232,97.45547423317774,45.772185096586455,7.61007923495392,57.48765480962763,1,5,0,0,6,1
5.866069512888549,34.84204125624969,47.567666293820864,3.717240664023432,52.45245617234221,3,4,0,3,0,1
5.881769713383363,89.48985343644887,89.54312404887965,3.9245818622948003,54.28879921994178,1,3,0,2,6,0
9.939878103255289,82.12774822333934,69.28559517977675,7.542649733470227,94.50607311276252,0,4,2,0,7,1
7.184218580902542,81.67374757152416,66.63736379620565,9.184264321454087,68.08414325405741,1,4,2,1,1,1
7.167889661801009,87.58265824935101,38.033821030845225,9.509285945025484,67.97796477638913,3,4,3,1,8,1
9.157598052658761,80.88191927543991,90.20977853446044,5.771225860383208,85.63453854731694,0,5,0,2,0,1
9.762618598227364,70.09762573051323,80.59700122459387,3.571211593005028,49.26953224029555,2,2,2,2,5,1
9.93700478720292,30.499590214591006,34.736785333000114,7.875490858587792,69.23592124600304,3,4,2,0,0,1
8.890201833665238,22.602094359300153,79.5484568060838,2.5100138326230024,65.79911284726359,3,1,3,0,2,0
7.193168134889121,93.66782782525495,68.04767521398523,5.640740288335177,75.81464143279936,2,1,1,2,10,0
5.87575322514401,69.33202516165905,35.72077420227448,3.5857846152487314,99.97346219502631,3,0,0,2,5,0
8.997161121673466,83.7229832780941,62.08104490700595,6.566310737078761,86.16693364492284,1,2,2,1,2,1
8.012819123811123,58.52178812100401,63.92874009910329,2.403989128935069,63.87194218104563,2,0,3,1,7,0
7.408999041611393,29.38465511699156,41.6042178114293,1.9159294573482577,89.65318313644282,3,1,3,1,4,0
9.578594732926312,30.014863376204033,96.19887029001976,9.182390866754371,50.24250179874881,2,1,3,2,1,1
6.000388670377681,74.84522297831771,89.49827600364634,1.018036829495369,41.827821178537604,2,3,2,3,3,1
7.716812969308866,54.424471591957015,76.83156361303759,5.059579077349317,52.26690234785639,2,4,0,2,8,0
5.551091401453386,36.04197813602694,62.360689270042506,2.208527829630089,60.42469336685558,0,1,1,2,3,0
7.608972888973568,59.327563739314954,58.82358791091559,0.3892996332566745,70.6348454475736,3,5,0,1,9,0
5.753364740568268,25.13671496601073,75.5681427005668,0.3601881829142639,76.90774843247199,0,5,3,2,9,0
6.034680623206324,66.5577121531519,68.18023085848338,1.7522177210582734,94.63634303286531,3,0,3,0,7,0
6.028868110496972,41.51947235480782,34.359117411731994,8.667703545060002,70.59124057302746,1,0,1,2,4,0
8.421446359522285,83.80472805097506,65.87518541392322,2.8247874397702666,70.07653867754377,1,4,0,2,10,0
8.857201956694405,44.8289567138859,86.44825320629877,9.504591705752958,43.01458058937893,1,4,3,2,10,0
8.125159442937218,56.4176119265441,62.146791431787065,5.816222929891936,42.09469315937343,3,3,3,2,9,1
9.829776468135439,20.92964319264805,33.63696042879879,4.366141897687661,73.06959771498232,2,2,0,3,0,1
7.186917607856668,25.795751023564712,85.03947395688232,5.800888346694546,66.29071679490067,2,0,3,2,6,0
6.785704388268373,51.399484512534784,44.09546474951821,5.166983852262677,90.35082369881792,0,4,0,0,2,0
9.408696076852571,58.39510677736988,48.10345844216272,7.587762537573251,49.64077508271071,0,0,3,0,9,0
6.506181273337537,68.0016438495443,41.529444740260715,2.8249606597285224,41.498299727022975,1,4,0,2,7,0
9.834501427482751,43.33300629674426,53.115054541004824,3.530503916003024,66.94232607580756,0,1,1,1,2,0
5.554695136104174,75.5985508901234,82.97260539820445,8.940943025332507,54.24871340513545,3,0,3,3,0,1
9.864454720184376,88.80979177513636,66.35701016527561,9.464565131504054,42.97686240033025,3,1,1,2,4,1
5.694219603777593,82.38807911146799,44.34168919054988,8.925582274864745,83.47589721085774,0,0,3,2,1,1
9.51014401164132,23.16950602786857,91.44810547064286,4.194479939573136,46.69557999743485,0,2,3,2,10,0
7.874654990888349,58.44055578062631,91.57072984660704,7.803655030068817,76.49917000046631,0,3,2,1,3,1
9.968341582536851,28.39441427345399,90.94048975322048,4.763357333010988,56.86298501001335,0,5,0,1,0,0
5.832084541309295,39.363601269002196,46.71573479670775,4.975398521461022,50.40976302130132,1,5,1,1,8,0
7.992344279805943,98.93300746137172,61.58675409266917,2.0468010905728393,62.78509137515905,1,5,1,3,5,1
9.861861410285945,31.39964343212106,98.94927592986126,5.911303032585165,88.08674657337721,0,1,1,0,7,0
7.85394029876567,59.911052276108485,84.04087334169932,1.8613589775334793,63.52561461427436,3,4,0,3,10,0
8.33229387160868,69.45245874544952,31.901719485789187,3.3156469906719375,85.04617895266334,1,5,2,1,3,1
8.630869100430777,76.19719764352831,34.56432138823445,8.550302016199351,47.52917780794904,3,2,1,0,8,1
7.54543479145498,64.77189467895313,62.475196376863295,2.0707580921085524,86.36628517990475,2,5,0,0,1,1
8.324011360378286,20.781667793534695,93.64541441030921,0.7115828517343281,54.215999494398915,3,0,3,1,8,0
8.12941440365395,46.11690465951935,67.70912585669,0.690075926128163,80.64358779333236,0,1,1,1,4,0
9.55521104720945,61.416931470776916,64.84687556240031,9.407845205031078,73.94689329045978,2,0,1,3,5,1
5.70450871153656,27.02931993158667,37.38315899696414,5.069204379618347,95.74868303270124,1,0,2,1,2,0
6.764334353165037,48.050154496734464,75.9746073307006,4.094120718170183,63.23935107851884,1,0,1,0,3,0
9.776851678344514,22.656248703309323,87.54722124201578,8.108785810079183,43.969911330066424,2,3,1,2,5,1
9.506187027509124,26.28627977240166,56.62940052552936,8.35825927910516,41.14932913307518,3,3,3,1,6,1
7.550455387535708,51.75386209612768,84.29282956477292,3.321910331156046,89.6115136583652,1,4,0,1,0,1
8.290596690106916,30.617260323444828,97.51336577305682,6.936180574737953,71.48413825968593,0,1,0,3,6,0
6.7482153234150974,65.40326786092464,44.26365213893824,7.711228158518866,86.51464311009696,2,2,2,3,0,1
6.346545218756926,75.15719753098125,66.63307418363189,6.546506868659545,54.065536000690884,0,2,3,1,4,0
7.586642822229919,84.04693592872663,50.09965706592028,1.5159507480009937,60.70502473079402,2,2,0,0,5,0
7.0900850261172375,36.012019539584806,85.49980933236876,8.75883083517057,41.80623233267914,1,0,3,0,1,0
8.126452503328924,33.398606580725584,70.43153561168103,5.390945527360087,97.68953947444673,3,3,0,2,9,0
5.8498058663424315,28.36542722675202,74.42076922852127,2.8247242637000367,80.0720744020488,2,1,3,1,8,0
9.884776634497749,70.91441996349093,85.85399117311258,4.252281854376939,95.99230526555837,2,0,2,3,9,1
9.937948350158212,76.5180581189521,57.71793308637184,0.3757109039890738,55.92978444574434,0,3,1,0,5,0
8.641727713088853,22.526891586051363,94.05630478849302,1.2786680122241756,76.68781667353966,1,3,2,2,6,0
7.912433648548541,94.89697969949519,67.3120207072298,7.655467505158608,80.70999809755827,0,5,0,1,9,1
6.892874273288475,24.157702692117795,41.05683759847436,0.00011634755366141114,59.05298201545531,1,5,2,0,7,0
9.162077588681269,63.30370682408564,78.71293827181617,4.165658284822921,90.8865541009378,0,1,1,1,10,0
8.581290276492457,76.72484155607332,85.52829453067781,5.225101810855884,96.82968777401487,2,1,2,1,9,1
6.231776227052011,89.67752989968685,52.173317394726865,0.546344200009723,93.09130706176026,0,1,0,0,0,0
9.599172330222292,77.12695457059422,90.0025479899127,9.730781629723328,84.34401855636236,3,0,0,0,7,1
9.201417593154261,84.13824664558335,93.43002783360365,2.261253312496719,56.64788078349724,1,4,2,0,3,1
9.774099609813657,47.15601540342448,49.38331411644663,3.0419871963628085,56.8969625263379,1,1,1,1,9,0
8.76573778774762,85.18600909972098,98.84650309006554,3.0394251225502735,97.80161922676228,2,5,2,1,7,1
8.260368381711054,26.409187710774013,39.84980696341309,2.304166621173499,40.61706975614152,1,4,1,2,5,0
7.382093663307785,91.58533248484221,44.141096788174295,0.01473822086311416,82.96299839452867,3,0,3,3,10,1
9.69727817509306,63.8073900922989,42.89573874666183,7.293447940879964,82.37476975331573,0,4,1,1,8,1
9.397287502751837,85.3838215969995,92.57927970055093,9.668454997992853,77.36137245698785,2,2,3,3,10,1
5.703484015477852,56.18546276146401,75.80047866274734,2.242934832850451,99.40653076521195,3,4,2,0,3,1
5.618651385237634,71.48621561572199,40.6472998255591,6.630471918034225,58.712766145823515,1,1,1,1,1,0
7.194085150951223,62.11221287488905,60.82263928578443,7.418963269587151,60.398311827594895,1,0,3,2,1,1
9.147489988518249,78.52716174042655,73.07086175488614,8.484253790905248,44.73636417679333,3,1,3,2,4,1
9.942742581917251,26.530398562447168,35.84248594925683,4.226291970136091,66.56788819262425,0,5,3,3,9,0
6.176876009965877,24.828166719245104,91.76914578851371,3.0293090564042924,55.662911574090884,0,2,0,0,8,0
8.173588219084607,39.768258720811716,86.25224748090747,3.252951340230311,60.60320213065865,2,5,2,3,2,1
7.214008854839597,32.76357440905507,65.36447415036469,7.126213330985128,90.07430741533766,1,1,3,0,7,0
9.864614790165714,89.74268532737614,97.69886306814193,8.16779466505636,96.12907081164974,3,1,1,2,3,1
9.28953515411069,37.53711898864354,59.24326854925698,1.8161396775660266,51.143984320311134,0,1,3,3,5,0
9.272479171200121,98.0692204655305,98.88772233255484,3.7094100815776523,62.35053589320795,2,3,0,2,9,0
7.609119219077366,46.951663341688544,76.7543999162539,9.0194019674915,95.71783372692364,1,2,2,2,5,1
7.366687760519493,34.569433255095944,74.4269891277759,8.066935196947393,43.70850764135336,1,1,0,0,2,0
6.730331823688179,83.17588057139832,41.61684267070495,9.848584027624758,45.54163168668271,2,1,0,3,4,1
5.753689734929172,72.69662204007008,91.73494308132507,7.542482596820808,49.76745935237376,2,5,0,3,2,1
9.39125069314774,59.85565731625112,59.92427815444306,3.9319520102792227,75.71277004761248,0,5,1,2,10,0
9.158054541085349,64.42908407501051,41.35633840477355,5.906378339946378,49.02833626035985,3,1,2,2,10,0
9.998729529787589,77.53614226178111,30.88252639830313,6.610142542473203,98.08458288704401,1,0,2,0,0,1
9.984865766832574,38.2763793065039,69.18289785468679,0.7845581631712395,66.80287163551122,3,3,1,1,6,0
7.9994426752118235,99.70671328453935,66.91797354858734,5.444969591038651,70.09107762100999,1,5,2,1,3,1
8.960443368312298,97.98345297174265,80.3547535658411,7.093208284726096,54.79951694832439,1,0,0,2,6,1
9.751445784470926,72.02605490775495,92.31806371124614,1.6732130400106038,68.257615146084,3,3,2,1,2,1
9.323413258048351,35.96339607433161,35.558460925012064,7.806317174255572,79.71481795822069,2,1,1,1,10,0
6.61306645784439,74.41825939450331,81.20475432382537,5.8377278051411166,85.07062821724256,0,2,0,1,4,0
7.527448608895421,25.775872718334067,43.118836086830754,9.522217856975946,85.23208496259478,1,4,1,1,4,1
6.081217368181727,22.452200176464487,90.07239372100148,0.42422298206891695,74.6734667616453,2,4,3,2,1,0
9.793229622664251,40.6146310808971,87.33444597031593,2.6532613755546697,94.26158649963143,1,1,0,1,10,0
8.22778585502896,57.009836539145304,67.85556284898811,6.015538792998241,89.04447083836656,0,5,0,1,9,0
6.528892624765582,89.46180043267044,79.71699590363181,2.9655991220593068,85.42288688191752,1,0,2,0,1,0
8.522653079826355,78.17352558130465,52.00450792286239,7.144241640712422,43.33633130082764,0,2,0,2,3,1
8.281577082060531,79.41652169599848,62.98175292529702,7.59005282521931,40.41267773317896,0,3,1,3,3,1
7.111732231147782,54.03946675584603,87.51458283973301,1.0251596406647445,52.74683663172838,1,1,2,3,3,0
6.011009164898331,47.674799403757035,62.148563802124976,5.138544642067677,79.81141563480713,1,2,3,0,5,0
8.522079380167598,49.683101038768214,55.04587857278092,5.088905555910559,64.67184933295275,0,2,1,0,1,0
7.84138465406707,99.01196509888463,64.59487130752099,3.6928077021554104,64.14437555795871,2,5,3,2,5,1
8.975432762810378,23.2087353129986,87.97744767060529,9.32924862569672,93.07521329377683,3,3,3,3,6,1
7.84073575500397,89.36251968979589,53.46456331596109,8.275063198732212,93.73377088791032,0,2,3,1,10,0
9.334816751433431,66.29403268579148,42.16331151950207,6.972093819096368,94.55051584321515,1,5,0,0,9,0
7.983580774485185,55.08923353516724,79.84098142315466,7.143266357349976,58.832684590901636,1,0,1,3,2,1
8.024220871909238,78.02061283321092,87.81847488956572,4.617161438131191,81.46334876435571,2,5,1,2,10,1
9.444941211962552,58.93351531397623,37.04462349664733,9.209945210965758,56.29799087646218,3,0,0,1,7,0
7.315672897955787,89.87385904653284,46.79118789291613,6.945954272532854,51.43658998446699,0,0,2,2,1,1
6.103068528027883,92.05614912090068,39.938039283269575,7.289810616558165,51.07794744084215,0,2,3,0,10,0
5.6295220434100255,53.73767414987643,54.35589881075167,8.616909037873452,60.52645725181564,3,5,1,3,7,1
8.898117650531285,42.14622377880413,61.52456852337889,2.74071589342191,65.7974571867893,0,0,0,3,10,0
8.291392981090592,67.38802628746897,82.41784358743146,8.07070903866703,89.8569502633041,3,3,3,3,4,1
8.668358956446506,92.98906764933528,75.5803309417172,1.9524060295649204,47.19346560836273,1,2,2,3,1,1
6.458338726790098,36.85297512045332,73.46499972349018,3.453419522448878,84.09555084369364,3,5,2,1,6,0
6.113671640140464,69.83732668507862,54.66624626267581,3.356104542698427,71.88729485135832,0,5,3,1,1,0
5.5654509955054685,70.52481760740164,88.9013287159332,9.785254683891406,57.27672056055955,3,4,2,2,5,1
7.077644014629686,78.64904179322248,62.99010171787152,8.565372237479268,69.56917507196948,2,5,1,1,9,1
8.154629590845849,30.525414810180784,98.53734566106081,7.011698615902597,57.99652418662136,1,2,1,0,2,0
7.265098202948796,77.26599717456708,74.38994968070158,7.270567616153901,75.76491731429836,1,3,1,0,8,1
7.468637149106781,92.72260165325127,38.83853190951519,5.6207279440257105,66.03063537131464,3,5,2,3,2,1
9.568714125221867,34.37464870961936,77.33242934528039,9.47090667108519,49.86433174473272,0,4,1,0,10,0
7.067149601604852,39.00346599391021,52.75728108021893,4.962587528823615,46.9949844733418,2,2,0,2,2,0
7.812952701219149,97.71160752333117,78.04290376802682,3.8051770986989455,72.80174092432782,1,0,1,1,4,0
9.026438557335144,34.47815621675918,34.874880371368405,1.63035336931591,94.1447819971662,1,1,1,1,6,0
7.284442520445715,88.35080746956633,42.24170060231716,7.86205652261058,60.637461193461135,0,1,2,1,7,0
8.299390151025431,59.38222851584278,89.90160812340504,7.344439320755915,83.9800064333574,0,0,1,0,10,0
9.380636689360353,39.778485952254165,45.90256899164604,3.8435503852413486,79.51968129638601,2,5,3,1,6,1
9.77284280645939,89.65999210180091,88.5928787670058,0.2519341395922936,95.89329485856885,3,1,0,3,8,1
6.161830664180671,55.62442040021324,49.54932619180873,8.389973277180108,89.25886103794845,0,1,2,3,4,1
9.669644313226724,61.18538831437522,75.00173370410954,0.11417983454073632,73.99631553432778,3,0,0,3,9,0
7.714523318857922,48.73866955198125,78.59054014568818,7.0369977962905095,79.42182989404644,2,5,3,0,10,0
6.662099747345312,67.4360681147942,65.8858327201537,9.70257109726057,93.90318799504209,3,5,2,1,2,1
7.566110903072175,33.08190980680182,51.37174736877119,4.376613281482035,63.97112707521609,1,0,2,0,5,0
9.910146588784647,51.286522932140855,44.88510634597673,2.349734049959528,59.60768235146664,3,5,1,1,4,1
7.716781422967913,97.552985786823,32.323254819369836,7.0487101004338175,40.64866501811178,2,5,0,2,3,1
6.9793822462937865,40.6506746160902,51.27624808685067,8.171281420155852,89.59306445148786,2,2,3,2,1,1
8.350303844425266,72.53893316330337,75.72139533718982,5.464303160778473,88.0588420242019,2,2,3,0,6,1
6.580655284501869,46.01520513797559,95.68133729139379,9.670352752561461,46.26727108600908,3,0,2,3,4,0
5.841384976488988,81.87785005492805,90.98431375841363,0.516687216579611,74.61144286796201,1,3,1,0,3,0
6.079958748597922,30.469892857467986,83.62453435747119,5.047955983045282,67.83890189001325,0,1,2,3,7,0
6.076206275309976,97.58568360628358,85.19131402773091,7.184539473225501,47.12254573054669,1,2,2,1,8,0
6.183562120805325,56.30316331069114,76.54894324331967,8.626404711491789,98.83409362364341,3,1,2,3,8,1
6.124722276922346,38.88403706771712,48.220080029620206,1.7925561190779005,52.88175324780133,3,4,2,3,2,0
8.383936351614466,25.87973978640101,93.50365214940808,8.000034817636815,44.034050805433665,0,0,3,1,2,0
6.318460379796152,33.58063240700326,76.95126183340838,5.527070757185452,75.69084277011457,3,3,3,2,4,1
7.055502774957384,61.58191588448141,69.2308441686308,3.965536819899632,84.33200062798196,2,4,2,1,4,1
9.535547844577053,46.9602541145029,37.769262844943675,1.3171502857909356,41.946606762831216,2,4,2,0,9,0
7.632827381182926,86.31066927060876,61.29388806644978,8.652957589089125,79.52305832362133,2,5,1,0,1,1
8.504009823344623,54.47100189294447,62.22507898413484,1.5727320817971535,71.93751255708727,2,4,2,0,0,1
6.275439420407334,39.89714180701039,90.5194526665869,3.0978785920909924,46.195900532502904,2,0,3,0,7,0
6.3653005846390185,69.37159892832241,68.2653754131452,2.9004553196243688,50.35143261678172,3,2,0,0,2,0
5.683908773199155,76.54217735083566,56.62803842792867,8.714140341908543,74.07845783896482,0,0,3,2,0,1
6.2602077838247405,33.36335263207599,98.37602299574615,6.72702994208898,57.7814568107973,0,2,1,2,0,0
6.753656525643814,33.40953730306541,37.750441532842096,7.966813971913723,96.29894371907896,2,4,3,3,10,1
6.29654717924536,22.933714154683436,59.578389981836125,2.50467898792499,89.12441376904304,3,4,0,0,1,0
5.89916140190675,78.91216120525124,32.94172726199837,6.248740996069989,99.01403239081978,1,3,2,1,5,1
6.042861419952704,73.10436220974441,81.79328845368512,5.717459831437487,55.580250337024836,1,2,0,0,5,0
7.5735044561472655,57.97047005998511,94.26535865394054,8.32830376788271,98.18341796787863,3,4,2,2,2,1
6.428501732826066,87.53363591753578,49.60261306853426,9.060870604812605,65.87403218749347,2,5,2,0,3,1
7.13921437471634,84.45361223600426,90.08391737593846,0.12156771477386807,60.85112771882528,0,1,3,2,1,0
7.765377718846856,66.82834915174017,50.45527613233284,6.740199190587926,43.0209716181612,3,3,3,3,1,1
8.606776728832145,89.4617024410607,93.75391131507406,0.5183579911972902,43.165915471576156,1,0,3,3,6,0
5.676904629284945,36.46729680294146,82.77733325177488,5.488586650773559,81.52067535679927,1,3,1,3,0,1
9.097346795090692,28.95356955181823,86.34347437890071,2.876327290436782,67.47573966604168,1,1,3,2,6,0
8.325551752709085,41.57996892135917,31.260458892031814,3.067765995221412,53.591297562166346,2,2,1,0,0,0
5.867915643769924,24.56694848714519,97.39672499518181,3.5295850345235658,76.83821837951396,1,0,3,0,5,0
9.431103808480497,62.49356224008256,80.86696944492263,6.212924490496102,55.17148709500667,3,0,2,1,2,1
9.64392580239316,94.92845538359691,51.33257667702934,3.340499656687692,74.65790526066536,3,2,1,2,7,1
5.774850819346887,23.14748325348077,88.05762654011929,7.326990505902804,61.552524818961416,1,3,0,1,5,0
6.745949416662417,29.768793120802144,49.706483889045096,4.045273855738697,89.41313359670914,3,4,1,3,10,0
9.127905759068776,56.175922262674824,91.09276876962895,0.6835320030995862,89.24176964600676,1,3,1,0,1,1
8.867168606726462,94.7100014022324,37.880627328835594,7.837598424841072,68.64102388734408,1,1,0,2,7,0
6.330344587103698,45.29248839814004,79.2580184222557,2.85758324592706,61.04914656010094,0,5,1,1,4,0
6.442071955015196,60.57878469507139,67.84889336514372,4.3276687959926265,61.75358779354568,2,4,2,1,7,0
7.167124462561219,23.325828724031368,36.75741291368086,6.8544388322190155,88.34287154009307,2,3,3,1,7,0
7.6803534333595955,31.86745607696711,46.932567978118726,3.32456157148712,59.69076896785672,0,5,0,0,5,0
8.282146471886332,98.93040983670775,30.868282539412036,0.5658565614671562,52.54356242241076,0,5,3,0,1,1
7.160111378063975,97.20949571488364,62.81375758251541,3.739210470128136,45.08130051251841,2,2,2,0,7,0
7.581406222599165,20.395198474752767,51.08856825320002,9.444485826943033,68.0015872530645,1,1,0,2,10,0
8.863619221601905,96.14494283385912,71.88502390084312,6.417343972985582,68.92792593519052,1,1,3,0,5,0
5.665074413007691,71.12959502524004,50.80664653960321,6.71479148667207,90.45452262417443,2,1,3,2,5,1
6.635966249548093,89.43346356160177,50.994337805488925,6.322821536376399,53.274321786763835,1,4,2,1,7,0
8.710073136480485,56.379188450708725,82.02352391121224,1.989921389594368,62.859476420103995,0,0,3,1,0,0
9.528430769592397,61.24768228634002,33.36999851848474,4.183338641022801,88.50434433362145,1,4,2,3,1,1
7.802548489520498,59.10772642055362,93.2026496634391,7.509397983633183,89.41741664493841,1,3,1,0,8,0
7.8945106836939205,73.34914060368834,89.6584712073827,1.0137289755315915,63.076664558726094,3,5,2,1,10,0
5.982274051028992,31.172100380505032,76.74632782584845,2.7785277608971226,67.54744139720086,3,5,1,0,7,0
7.513355650705546,22.397887189814234,71.52550990751689,2.763191084658536,58.197153450956975,3,0,0,2,6,0
7.896777699047604,44.63439532729527,92.46117486977565,4.32018927594506,95.95329270515873,1,3,3,1,6,0
6.591117266356283,76.37446101893174,42.97311256701001,9.803687409421851,47.118625944494816,2,0,2,0,4,0
6.711594539272214,36.14827616983587,35.527841353358,0.6750254668382194,96.0249653800882,0,5,2,1,1,0
7.197778733970802,73.87459466599338,46.76571189366767,5.1870099438059505,81.0319871101206,1,4,3,1,10,1
5.590320389999769,97.59296368858163,85.62047950901332,1.7936468201221045,71.89432916120387,2,1,3,0,5,0
6.949356245124302,27.512057263153473,32.42691867085383,9.706765454097441,41.95954364706975,1,5,0,1,9,0
6.45151603148445,73.8081694580101,70.79647845584427,1.133035047274642,68.5357715093205,0,2,0,1,2,0
6.973738084800615,55.50001754436569,99.6806261333917,4.036010023615912,64.46488630016394,1,1,2,1,3,0
6.03892959318663,89.45138035020042,89.89872656862775,7.378849848346062,49.67312871850736,0,5,0,1,9,0
9.507372763329528,34.17198315579087,66.50119823305127,7.045544280274453,79.38457621003941,1,4,1,2,10,0
8.171166040993219,75.41007617809316,34.454863650064965,4.227286368939323,98.26905444209714,0,0,0,1,1,0
8.555960436150203,87.04922317184882,88.1961460069997,3.4652416795271823,73.73132866387151,1,1,0,3,1,1
9.051270573733023,95.56913755792186,71.92849557240473,3.9761237855287055,82.88519658663675,0,4,2,1,7,1
7.742989895180758,74.65984226317167,38.04530979416968,2.642762631586393,44.107027153961006,3,3,1,0,7,0
5.891141296393407,59.773981120674186,36.570009937634936,2.053329387067998,65.06001974901969,1,2,0,3,9,0
7.916979438183465,69.42777921609711,93.67387736056148,4.8303969755889,46.981509109869755,1,1,1,2,5,0
8.140785031093955,89.51239875829745,76.8440184056655,2.685337560676073,76.76775013219063,2,0,1,3,4,1
8.854477633829486,65.64877973110637,88.05007595217289,2.874616648972501,96.30892949284927,2,3,1,3,7,1
7.442467958033557,22.43096477574695,91.52852301975872,6.56756063474557,79.70666394829831,0,4,3,3,3,1
6.074111362580037,94.47589564055822,70.02406464338256,9.685373316998922,44.608182898865294,1,2,3,0,10,0
6.77699157609426,75.1621400825249,66.22124462285288,6.036372005593751,61.27997229910497,0,0,3,0,3,0
7.133870333793858,74.12107086217972,60.12991872246931,0.7697946706496628,73.03980276645109,3,4,3,0,4,1
8.406627585992204,37.254012191817374,52.18626114537835,0.7558361385406698,64.19246536799514,2,4,2,2,0,1
8.068502371010103,72.71083761861257,60.42171726010982,9.51423220845566,90.01864062851034,0,1,0,0,0,1
7.102435266540308,51.50915245233268,84.17157590111094,2.9729079030733363,88.88026028259935,0,1,3,0,1,0
9.939318619568407,72.09863816331936,72.1346401710592,0.9206698608247543,76.7098612061933,2,0,2,3,7,1
8.225986687105992,28.527442424639258,92.47663029683923,5.990445871503816,62.40747670796232,1,5,0,0,6,0
6.567520562811975,72.62762436824289,61.03660100654314,6.236487782902661,55.32018242579465,0,5,3,1,9,0
5.958021126791817,99.95309806165332,72.49627051031278,6.485048201186881,46.35245909278776,2,4,0,0,8,0
6.187866126329494,23.856963108844482,74.19152871643921,2.674020278575413,61.29386100919324,1,1,3,2,4,0
6.6068097777302865,98.17393473770538,71.41880136144279,0.15110684214475034,64.79035103246318,3,2,2,2,1,1
6.223066179668001,52.55263685782965,79.18436411598614,9.650153694544718,80.54937550624442,2,2,1,1,6,0
6.339551608230876,89.66027602698074,46.620342786236435,2.508930456911025,79.48958945785441,0,4,1,2,7,0
6.782928259122312,82.59083872466188,65.86546442820534,6.760262880525475,44.20648837847541,3,1,0,2,6,0
6.280181178826397,65.36130087893342,37.295736196584336,7.0662986987870955,63.715558925869466,1,0,2,3,6,0
9.535444410818913,79.07593674010613,56.91579293513688,6.100074170794857,50.90673203304171,1,0,1,1,4,0
5.86105185547739,90.28124490410784,64.13669480348851,3.129073942136482,49.40876231900834,2,0,3,3,1,1
7.860301253066146,52.331225732082636,75.65569816818308,2.7109625376406576,89.63812898423475,2,2,1,3,5,0
7.346785721453477,46.16265292505909,96.53717368103425,5.976682827027031,42.514913002975455,2,1,0,0,3,0
9.920703776088729,73.40747084508678,72.04557465838491,8.660956336116914,65.15097255412728,1,1,0,1,9,0
6.0041750597562356,84.62767535530068,82.05157413235918,9.467337289233956,50.09221934599109,3,2,2,0,1,1
7.290350195705837,80.98281078212926,65.43862416466419,1.0590580440375763,92.75981294070844,1,0,0,0,8,0
9.86261694973916,83.82509190869075,74.3872821963432,1.5482861259771985,73.42243079650211,0,0,1,3,6,0
9.394782066522911,54.84666518503464,34.96525512936414,9.447362587830796,53.88283818261088,1,4,1,2,5,1
9.17682431927176,85.42673729400173,47.807410658929285,7.365352283347926,70.14563722998258,0,5,1,1,4,1
6.660562721702229,29.616724429648677,55.32971652435971,8.829938248297731,83.88918158218695,3,3,1,2,2,1
6.268994143255297,63.559127836867965,63.07453485045595,2.026326341353432,97.48708053516603,2,5,2,3,9,1
8.508894489659939,20.460692839849727,33.19541218516686,5.875858711094018,53.226760254725136,2,1,3,3,9,0
9.682191951074136,45.96686639202162,39.80168682873224,7.011395944174737,93.1709063277607,1,1,3,3,3,1
8.005433018562684,49.31692278971183,49.37700154539141,6.801118854469727,96.05824685004941,2,1,2,3,2,1
8.07225710261455,51.69381532874043,98.00728836307354,4.081516908666981,94.98523267192397,3,5,0,3,10,1
6.759905921471279,75.63737653518898,53.19429049721356,0.15394891691308477,78.12486141171459,2,3,3,3,7,1
8.962718199363715,51.08464810162766,63.742874067845776,5.829260568042631,77.78923926608246,1,4,0,2,2,1
6.341696868508855,55.895489809802456,43.726839891687504,2.5310153917960876,64.19263799102936,3,5,3,0,6,0
6.956556563819096,39.0035304699462,72.75460497530378,4.502542461428903,85.14387293822728,0,3,0,2,6,0
7.414463973773875,49.860143330347206,49.6478250861182,9.575810150838173,71.87764110105591,1,0,2,1,6,0
7.784246704080047,38.181570181052116,44.48948049068987,3.990353176424347,80.64628427369766,0,0,1,2,6,0
6.590843795867861,25.85567390147549,66.16008399121853,8.398016066644267,65.70747423092773,3,1,0,3,1,0
6.016765711326416,68.27588747051024,30.385405941229457,1.8854060574925113,83.88978784258833,1,2,1,2,9,0
8.247790190987347,73.45702388440131,30.53648228544577,6.724604980250288,89.46829105627295,1,1,0,0,2,1
6.798837489581151,69.55922768076917,45.33481663713005,9.770069544389434,48.78617539616897,3,2,0,1,9,0
8.115571996401755,57.07952350404579,32.57049537505748,1.018931008729368,89.97578293445369,2,3,0,2,8,0
6.1946322187339105,50.38286241433838,37.561802789148395,0.08319942227192012,72.41779190741843,1,0,0,0,2,0
7.665130458346679,89.06669196574602,53.72024545371261,4.335827926326143,90.67995454541347,1,5,0,2,1,1
7.896652446482136,61.526542810897446,86.1809975705869,0.926254830513672,65.87810238046087,0,2,1,1,8,0
5.733205915700921,58.33455021037848,70.04340503585107,7.483843496762313,62.7424291229821,2,3,0,2,9,0
7.014719251872643,22.051365264514857,65.88674081694916,9.14548663848559,94.90364395103335,0,0,1,3,8,0
6.104866046225384,47.299826210092505,50.54421762456852,4.340209727087588,55.07015605290408,0,5,2,2,3,0
5.785187367127455,50.41564950286856,95.22276036029714,2.5871164215544096,90.65273951716858,2,2,3,0,8,0
9.954821045754754,51.90582247175204,57.79105288660342,4.344033190066098,69.04123435056425,2,1,0,2,2,0
6.950592302386253,66.41378953818659,36.096493675704004,7.2344781785000105,70.84572655307558,3,1,3,0,6,0
9.144435006345857,62.68820373815028,73.1946561282461,0.09054161580370979,58.50809688936904,2,1,1,1,6,0
6.645882946436937,68.63240742347557,37.9686875433621,5.894539894846972,74.38253203714095,1,3,2,2,10,0
8.566762250007681,81.19066092337026,54.165619996118444,6.132916848873791,59.512671776572674,2,1,2,1,7,0
8.921025369503589,85.03885909728749,65.51883571024662,6.376882468959355,42.35616485449914,3,4,2,1,9,1
8.1803743327353,77.44984609811955,91.1955767279623,2.420220799808772,56.31991632066136,3,0,3,2,3,1
7.622092848475713,96.44189567639478,64.5482606238083,7.140527233781268,40.38274260439544,3,3,1,0,2,1
7.353284113662708,21.45860661410893,79.15811362221649,0.9139148633177641,98.7012872234114,2,5,0,1,2,1
7.069907199443479,35.662238854683686,99.49717872993493,1.9927033646680081,97.94483258918484,2,1,0,1,4,0
9.682881149115216,20.605029998251368,39.20423839285871,8.77470046654482,63.7093178483383,0,0,1,2,10,0
9.237787335044782,71.79797713236823,49.231206786366364,7.387231507265664,83.70225126037876,0,2,3,2,0,1
9.842621097999306,91.84244391599896,57.62032529183524,0.1374555401134525,60.7483659046255,1,1,0,2,9,0
6.059337505684951,39.47858372610394,59.527972497718196,2.4837626036980023,80.26558942515857,0,0,1,2,2,0
8.7889036384164,94.16276358370453,58.771475268588205,2.1440648299316454,88.32580258275874,1,4,0,2,5,1
9.722532055694671,24.821391223164866,93.53277017895884,2.7080632803697258,96.80537468153445,3,2,2,3,2,1
6.315548797745471,94.75488214444114,79.98228511267996,2.475597702798864,64.01273655098032,0,4,0,2,4,0
5.799233203150498,48.12981497917075,72.55336498634927,0.6252629574284574,86.99787897736286,2,5,3,0,8,0
8.835042921805265,28.11366627593732,51.65609025039475,4.589405165968204,55.95570703792713,0,0,1,1,1,0
8.085129009309604,58.86974073490605,87.66532689549064,7.327334747861651,99.4199382276189,1,4,3,0,10,1
9.288229495412224,40.542125417640634,96.85423580394922,6.067317247174364,41.54617592586107,0,5,1,0,1,0
6.128975694818303,42.78983215695383,87.48387977851586,6.728716685980798,76.21172839006726,3,0,2,3,5,0
9.078702903369505,44.58319719410292,30.109557363403102,0.8114917853623915,79.57035889907962,2,0,1,2,5,0
6.407322940214851,84.24207182661307,74.54809591283849,9.514907101767871,81.28273342444773,1,4,0,1,10,0
6.23645174289567,63.132902134020355,33.57947670094705,8.384918338430248,47.22325472734534,2,0,0,0,10,0
6.239196090689468,44.90461593248029,48.03250542336053,8.050903184956628,96.31178700838782,2,1,2,2,7,0
9.16558624104122,68.82670266487347,34.16672902434402,8.229838050417674,50.870996743004966,1,0,1,2,10,0
8.4933874931329,77.29205393785548,72.26568170645714,9.327105081327613,77.36520419439046,2,3,2,3,1,1
7.8537944114610365,41.8099200586827,78.06129394448247,5.442539661136977,53.3605647473851,2,5,0,3,8,0
7.114737178555761,53.08392812202812,38.01413466461336,2.002820178676259,58.43298502127625,0,0,3,3,1,0
9.447402433658986,29.750887466955803,56.86872181314857,6.167836078525411,72.78751250368745,2,3,2,1,0,1
7.26600298340186,34.491947962774425,61.93655562688794,7.42881493667939,65.03160511387459,2,0,3,0,9,0
9.174697477622097,74.48942831719862,55.83371152326416,7.379173933540254,49.61353605859038,2,0,3,3,1,1
7.476107088565983,34.515067815650156,38.47175003396352,5.214490241668801,50.2561841452509,2,4,1,3,6,0
7.196249932412084,62.01307069336481,59.326345313123284,0.6845871933357806,65.08868728976798,1,1,2,3,7,0
7.582059035513229,76.72370093779462,82.58246334658926,3.7111293843012785,85.43697869653005,3,5,3,0,4,1
6.856200433738639,28.55015384757951,34.970536517327886,9.207666084633573,93.87787881086732,0,1,3,0,5,0
8.86424221079313,65.38497757031229,35.61260098573324,5.84448909757426,45.04765973556297,2,2,1,3,0,1
7.762241755416156,40.525022696109104,54.833990428518895,5.383319432557134,63.58623445356406,2,4,1,3,5,0
6.544957128160678,97.03415001900639,95.92079981332475,2.688535143821935,46.014733823372595,1,4,0,2,7,0
9.548085579735558,58.683651737593976,76.80008527060399,3.684489199165789,40.99554883795587,3,1,3,3,2,1
7.227510496179452,84.47940398201266,77.50689696707954,8.953460891531693,79.7031209586374,2,4,0,1,10,1
7.945987875012949,64.01812337250094,55.33439935865054,6.664630475268357,76.14696651799527,1,1,3,1,0,1
9.579124499340463,23.473002628385533,71.55625538459769,7.873870267523328,49.78114682889317,0,4,0,3,10,0
8.309070981612965,70.65211004752179,30.709182881942038,4.543454230676551,54.02876998558385,0,0,1,0,3,0
6.026041183187639,96.11226737653256,74.52672324866796,6.302472194561579,41.4224652186711,2,1,2,2,0,1
9.729244556260639,68.1289456117065,93.93008633033656,2.483836087432075,90.09683234166422,2,1,1,0,7,0
8.32468623882138,85.53510875414321,72.88014278413735,7.054608302834863,98.4814357629131,3,3,0,3,4,1
7.007075265956887,90.73651706787263,91.15890154264414,4.276013337033373,48.127572207681446,3,4,0,1,0,1
6.126724326985243,38.2463817559146,80.67811388262658,4.4254551481474556,53.888512825917886,2,4,2,2,7,0
9.073113351716332,36.96358719265813,38.43908914825832,6.493223245768816,92.10457143681604,1,1,3,0,8,0
8.290327401678312,68.87847910807935,93.17173151000893,9.362806214689266,95.5878278773711,3,0,0,0,9,0
7.900574913893447,52.882277584536375,34.65106910490424,0.6400634660862092,65.17764296840862,2,0,0,3,1,0
9.52251662372931,87.18890422933762,67.37772307834346,8.247432373470076,43.03734833614445,3,5,0,2,8,1
9.04868745051039,92.00184987184089,39.94959866554204,2.9238311041219314,42.36351002156916,2,0,2,1,7,0
6.18253695879738,48.27371034421745,30.819462751163286,4.439194545063778,74.43699196414062,0,4,1,3,6,0
6.902749305079967,38.94964471795856,59.54239820893473,0.21913328775008956,63.57370653359074,2,3,0,2,2,0
6.6182011291650955,82.44204121950895,50.652849535790935,3.0104607783431305,41.71914565465927,0,1,2,0,1,0
8.847758316577046,41.984482843850884,64.02003456583222,5.026312426301304,74.99514353875341,3,2,0,3,6,0
5.6508959563110075,85.80914548109428,70.40399207141856,0.5617607734743901,40.67815219534135,2,3,3,0,4,1
8.064503581920924,53.89906029190102,33.061735061626315,4.910957293831651,87.24231748895639,3,2,2,0,5,0
8.931064085833107,73.40399194331764,38.610230658662196,9.271106288584273,58.385969362202296,0,3,0,3,3,1
9.445445365427872,27.642825106773454,69.10496775152978,1.0539321810780522,42.41548018055393,2,0,2,3,1,0
7.039367869221584,69.90874597412585,54.021714722086074,7.644407280755043,75.3011332589892,3,4,0,3,8,1
9.195657871024057,56.14141429897833,81.04214412846136,4.096710533759927,63.86106486598328,0,2,1,3,2,0
5.997842816298433,66.92867705403793,75.66041540143578,6.55173714524338,98.42802480142896,3,3,0,3,6,1
9.309035312805332,33.441136619589074,89.19230540929348,2.6023659798522933,72.65191975022213,1,4,2,0,7,0
6.073698980493921,78.94989959553456,78.47449786684578,1.5949226254135829,56.514350862220496,0,2,3,1,1,0
7.287792807521653,89.02376620345828,60.09517541731037,1.6046261427122643,82.56633187803848,0,1,3,1,5,0
9.08782914600799,37.33918400726205,77.10766356761027,0.7049194564314465,56.28952015256268,0,3,3,3,10,0
6.174628423069482,27.657164441612938,49.276682197879296,1.8564670490124302,94.25459748445391,2,1,0,0,7,0
6.531631278546887,21.89108688370691,51.44194491447489,6.642193849889683,62.483318230442585,2,0,1,1,6,0
8.750136557768798,71.35772003546128,85.22896119445554,8.81690611843508,72.99211376657232,2,1,0,1,10,0
8.740164414457334,68.56752288710246,61.24936614811075,8.141256855911617,43.03438622945373,1,1,3,1,2,1
8.385164347983839,63.7357930171256,85.88662383628468,6.851343098744841,65.56727427713385,1,5,2,0,0,1
8.62276800010195,38.555767689278035,87.56956615677949,1.1043186341110267,89.9418123796597,0,3,3,3,5,1
7.942259995064183,51.27247967244117,90.02936363628987,2.8918744629594983,88.33892832180052,1,0,2,3,7,0
6.633095765081287,67.55810681489385,94.16446650888452,3.0980687532246898,53.45911353121157,3,1,1,3,5,0
7.055631970767637,59.741348708733554,60.16896543593074,2.4995694639762123,53.56474426063376,0,4,2,2,4,0
6.317189725606416,99.02284161719098,52.32067728247972,5.150056597097231,89.03831873279421,0,2,0,2,10,0
9.588027526001326,30.91518020453865,70.75391226158797,5.355538148796725,95.82390521015952,3,1,0,2,7,0
8.125263076447542,75.6115643238075,55.98206964063393,3.568859751711102,45.72165527638021,0,0,0,0,1,0
7.3038313754363795,52.34550144834337,72.07519167601632,3.53789158736436,67.00351836557351,1,1,2,1,0,0
7.579026116398597,54.25596919404918,79.39101038506772,8.285555979060813,60.24725673785374,2,2,0,1,0,1
9.76277502825317,77.4078212526541,78.18835129444957,7.892928483196856,92.24130732744635,3,0,0,0,3,1
6.190081314022361,75.39489210594957,56.218702091408495,3.0779583168074565,45.01149488080112,1,3,0,0,5,0
8.138034244075588,99.30047949617506,41.6802141189127,9.137884438732593,52.66755655348224,3,0,1,3,8,1
7.776499054980096,30.27154315633002,60.13705369235453,9.52815017002506,85.14810025518966,3,3,2,3,0,1
8.251544059455915,28.328771950733305,39.981590085733615,3.267425420300408,43.077630938872936,0,0,2,2,0,0
5.581495827193782,77.94710537029928,92.30679246286658,3.5442494879305486,69.55212284285736,0,2,3,2,4,0
9.424557590248682,66.27095336051272,54.21142225165002,5.056341534219588,66.52642208078319,1,2,2,0,9,0
9.694532271176255,41.93285332478447,40.81218230563266,9.411208125336735,60.06407073932492,3,0,1,2,4,0
8.04309932615144,26.35354951911893,31.781343193402563,8.763194331423115,63.67433891913542,0,1,2,1,4,0
8.634928707446015,26.852659967714445,75.2075670400539,1.025679625835898,71.79643521581397,0,2,1,0,9,0
9.65124721529783,91.53526997312946,74.58316222183203,3.927307432714162,49.68204150330298,3,3,1,0,5,1
